{
  "2": [-103.34882, 20.666378],
  "3": [-103.366, 20.667228],
  "4": [-103.368252, 20.66769],
  "5": [-103.36255, 20.69175],
  "6": [-103.339363, 20.6811575],
  "8": [-103.344415, 20.680717],
  "9": [-103.350562, 20.666771],
  "10": [-103.350396, 20.681871],
  "11": [-103.353835, 20.68207685],
  "12": [-103.3573381, 20.6818519],
  "13": [-103.360099, 20.681081],
  "14": [-103.3629218, 20.6820683],
  "15": [-103.370499, 20.667623],
  "16": [-103.3659297, 20.6821447],
  "17": [-103.369349, 20.683191],
  "18": [-103.3726232, 20.6824637],
  "19": [-103.372841, 20.679086],
  "20": [-103.370658, 20.679296],
  "21": [-103.3680584, 20.67881367],
  "22": [-103.36573, 20.678714],
  "23": [-103.362224, 20.67966],
  "24": [-103.35913, 20.679389],
  "25": [-103.356281, 20.679309],
  "26": [-103.354035, 20.678777],
  "27": [-103.350146, 20.680227],
  "28": [-103.348377, 20.680478],
  "29": [-103.345198, 20.679861],
  "30": [-103.3612673, 20.6840145],
  "31": [-103.339438, 20.679899],
  "32": [-103.367501, 20.675461],
  "33": [-103.368215, 20.685652],
  "34": [-103.344908, 20.6772627],
  "35": [-103.347983, 20.677419],
  "36": [-103.350244, 20.676461],
  "37": [-103.3534145, 20.677315],
  "38": [-103.356458, 20.676078],
  "39": [-103.358466, 20.678034],
  "40": [-103.362331, 20.676656],
  "41": [-103.365088, 20.677108],
  "42": [-103.367049, 20.676067],
  "43": [-103.37066, 20.67671],
  "44": [-103.372687, 20.676628],
  "45": [-103.372613, 20.673756],
  "46": [-103.371639, 20.674636],
  "47": [-103.370147, 20.675444],
  "48": [-103.365025, 20.675014],
  "49": [-103.362351, 20.674931],
  "50": [-103.358548, 20.674721],
  "51": [-103.3563196, 20.6740865],
  "52": [-103.354579, 20.675746],
  "53": [-103.352663, 20.674559],
  "54": [-103.347889, 20.675244],
  "55": [-103.345665, 20.675401],
  "56": [-103.342049, 20.675421],
  "57": [-103.345366, 20.672696],
  "58": [-103.347422, 20.671971],
  "59": [-103.3496159, 20.67270672],
  "60": [-103.353542, 20.672641],
  "61": [-103.355508, 20.672231],
  "62": [-103.357684, 20.6734],
  "63": [-103.361274, 20.671778],
  "64": [-103.365055, 20.673072],
  "65": [-103.366139, 20.674132],
  "66": [-103.370571, 20.673321],
  "67": [-103.372588, 20.6722064],
  "68": [-103.371786, 20.671364],
  "69": [-103.3555917, 20.6668825],
  "70": [-103.368306, 20.670512],
  "71": [-103.366071, 20.670468],
  "72": [-103.363633, 20.671455],
  "73": [-103.359537, 20.670362],
  "74": [-103.357589, 20.67056],
  "75": [-103.355032, 20.669955],
  "76": [-103.351651, 20.67131],
  "77": [-103.348768, 20.669628],
  "78": [-103.3448483, 20.67096728],
  "79": [-103.36134, 20.675631],
  "80": [-103.34846, 20.66888],
  "81": [-103.3513022, 20.6688627],
  "82": [-103.373252, 20.68432],
  "83": [-103.363338, 20.667352],
  "84": [-103.362535, 20.669326],
  "85": [-103.3595222, 20.667532],
  "86": [-103.368312, 20.669306],
  "87": [-103.373378, 20.670426],
  "88": [-103.372444, 20.66704],
  "91": [-103.396083, 20.73244],
  "92": [-103.397466, 20.726376],
  "93": [-103.398071, 20.723081],
  "94": [-103.342347, 20.69995],
  "95": [-103.394267, 20.730841],
  "96": [-103.386768, 20.71953],
  "97": [-103.392672, 20.726196],
  "98": [-103.39427, 20.72201],
  "99": [-103.333746, 20.685108],
  "100": [-103.394585, 20.723889],
  "101": [-103.389242, 20.726558],
  "102": [-103.390297, 20.728538],
  "103": [-103.391894, 20.720438],
  "104": [-103.3997461, 20.7352743],
  "105": [-103.394636, 20.735255],
  "106": [-103.3902, 20.721643],
  "107": [-103.388657, 20.72374],
  "108": [-103.3859946, 20.7276186],
  "109": [-103.3855829, 20.7232207],
  "110": [-103.38625, 20.720987],
  "111": [-103.384072, 20.728243],
  "112": [-103.383, 20.722427],
  "113": [-103.383614, 20.72489],
  "114": [-103.381901, 20.72356],
  "115": [-103.380651, 20.731202],
  "116": [-103.33467, 20.68692],
  "117": [-103.388629, 20.720452],
  "118": [-103.401285, 20.737087],
  "119": [-103.393858, 20.728147],
  "120": [-103.401357, 20.736557],
  "125": [-103.40945, 20.67342],
  "126": [-103.40641, 20.67195],
  "127": [-103.40458, 20.6707],
  "128": [-103.40968, 20.66984],
  "129": [-103.40495, 20.66844],
  "130": [-103.40953, 20.66731],
  "131": [-103.402512, 20.666914],
  "132": [-103.40687, 20.666033],
  "133": [-103.4079076, 20.66312806],
  "134": [-103.4037559, 20.66033761],
  "135": [-103.404, 20.66463],
  "136": [-103.4065612, 20.65925105],
  "137": [-103.40195, 20.65938],
  "138": [-103.36322, 20.69705],
  "139": [-103.40464, 20.65701],
  "140": [-103.397725, 20.656866],
  "141": [-103.40134, 20.65381],
  "142": [-103.31948, 20.64483],
  "143": [-103.3163317, 20.6383352],
  "144": [-103.31366, 20.64193],
  "145": [-103.3106, 20.64185],
  "146": [-103.30651, 20.64188],
  "147": [-103.3026, 20.641848],
  "148": [-103.31716, 20.64176],
  "149": [-103.31334, 20.63841],
  "150": [-103.31148, 20.63816],
  "151": [-103.30952, 20.63834],
  "152": [-103.30465, 20.63922],
  "153": [-103.3019, 20.63613],
  "154": [-103.37333, 20.69493],
  "155": [-103.36773, 20.6972],
  "156": [-103.35699, 20.68456],
  "157": [-103.35519, 20.69865],
  "158": [-103.349382, 20.696097],
  "159": [-103.3549492, 20.69610588],
  "160": [-103.37298, 20.69311],
  "161": [-103.36757, 20.69324],
  "162": [-103.3516, 20.692725],
  "163": [-103.35071, 20.6891],
  "164": [-103.3584672, 20.68859811],
  "165": [-103.3540408, 20.6919612],
  "166": [-103.350525, 20.687196],
  "167": [-103.37082, 20.69269],
  "168": [-103.37486, 20.68969],
  "169": [-103.37071, 20.68985],
  "170": [-103.365814, 20.68861],
  "171": [-103.34853, 20.68348],
  "172": [-103.34601, 20.6822],
  "173": [-103.34526, 20.68465],
  "174": [-103.353973, 20.68981],
  "175": [-103.33964, 20.68586],
  "176": [-103.37363, 20.68725],
  "177": [-103.37084, 20.68723],
  "178": [-103.3368076, 20.6863794],
  "179": [-103.36582, 20.687],
  "180": [-103.362716, 20.6880337],
  "181": [-103.3361, 20.68925],
  "182": [-103.35408, 20.68605],
  "183": [-103.37989, 20.68447],
  "184": [-103.37653, 20.68427],
  "185": [-103.38197, 20.68168],
  "186": [-103.3785, 20.68153],
  "187": [-103.37537, 20.68132],
  "188": [-103.38253, 20.67914],
  "189": [-103.37926, 20.67947],
  "190": [-103.376, 20.67945],
  "191": [-103.3835367, 20.6776729],
  "192": [-103.37993, 20.67691],
  "193": [-103.37606, 20.67647],
  "194": [-103.38488, 20.67438],
  "195": [-103.38409, 20.67554],
  "196": [-103.37998, 20.67455],
  "197": [-103.37618, 20.67448],
  "198": [-103.384, 20.67206],
  "199": [-103.37997, 20.67207],
  "200": [-103.37608, 20.67189],
  "201": [-103.384221, 20.670209],
  "202": [-103.3731, 20.66868],
  "203": [-103.37983, 20.66927],
  "204": [-103.37623, 20.66957],
  "205": [-103.39134, 20.66557],
  "206": [-103.38863, 20.66667],
  "207": [-103.38488, 20.66816],
  "208": [-103.37621, 20.66702],
  "209": [-103.38855, 20.6647],
  "210": [-103.38407, 20.6625],
  "211": [-103.394307, 20.669931],
  "212": [-103.3947, 20.66736],
  "213": [-103.3988986, 20.6662882],
  "214": [-103.39654, 20.66623],
  "215": [-103.39788, 20.66501],
  "216": [-103.39388, 20.66511],
  "217": [-103.392533, 20.661387],
  "218": [-103.39496, 20.66],
  "219": [-103.38884, 20.65931],
  "220": [-103.39092, 20.65846],
  "221": [-103.39363, 20.65761],
  "222": [-103.3883797, 20.65712973],
  "223": [-103.38956, 20.6564],
  "224": [-103.391595, 20.654709],
  "225": [-103.38957, 20.65158],
  "226": [-103.33357, 20.66468],
  "227": [-103.3315, 20.66114],
  "228": [-103.33055, 20.65925],
  "229": [-103.33046, 20.65721],
  "230": [-103.32898, 20.657817],
  "231": [-103.32186, 20.655],
  "232": [-103.32553, 20.65251],
  "233": [-103.32719, 20.65475],
  "234": [-103.32356, 20.64962],
  "235": [-103.31939, 20.64874],
  "236": [-103.32147, 20.64707],
  "237": [-103.30619, 20.64698],
  "238": [-103.3102, 20.6461],
  "239": [-103.30678, 20.64434],
  "240": [-103.30518, 20.64504],
  "241": [-103.4003, 20.6641],
  "242": [-103.3981344, 20.66234072],
  "243": [-103.3976249, 20.67276201],
  "244": [-103.37657, 20.68669],